index,alpha_f
0,1.725536087639581
1,1.64574232352297
2,1.392046569097393
3,1.837022058015260
4,1.557656678377148
